"title","year","alias","director","writer","genre","region","language","runtime","douban_rating","imdb_rating","cast","summary","referer","poster_url","still_url","poster_file","still_file"
"致命狙杀","2019","狙杀","王岩川","牛兴安 / 童睿","剧情 / 战争","中国大陆","汉语普通话","89分钟","4.7分 (共504人参与评分)","","罗立群 / 王姝允 / 殷越 / 太田直行 / 马佳玮","1938年，武汉沦陷前夕，传奇狙击手左英杰率小队拼死阻击，一战成名。不料事后却遭小人构陷含冤入狱，女特工沈雪在狱中找到昔日战场英雄并授予一项绝密刺杀任务。左英杰临危受命，不料行动伊始便遭遇宿敌日军王牌狙击手下川国正伏击，身陷险境。惊天阴谋逐渐浮出水面，国恨家仇、狭路相逢，巅峰对决一触即发……","https://4khdr.cn/thread-31201-1-1.html","https://4khdr.cn/data/attachment/forum/202503/18/163954fvr3xrv55fvo2ov2.jpeg","","data/attachment/forum/202503/18/163954fvr3xrv55fvo2ov2.jpeg",""
"恶兽","2025","","吉治中","陈曦","动作 / 动画 / 冒险","中国大陆","汉语普通话","81分钟","分 (共0人参与评分)","","马洋 / 张欣 / 李雨婷 / 李梦洁","在一次凤凰城赛车大奖赛期间，消失二十年的东方巨兽武罗再度现身，给城市带来了巨大的灾难和恐慌。武罗在袭击中受伤，躲进山洞休养。年轻赛车天才张小蚤，因过于自信，带领四人小队冒险偷袭受伤的武罗，反而引发了更严重的危机。面对打击，张小蚤在武器专家赖道张的帮助与激励下，不仅提升了战斗力，也找回了失去的自信。在武罗即将摧毁凤凰城的生死时刻，张小蚤挺身而出，力挽狂澜，成功拯救了全城，最终成为新一代的城市英雄。","https://4khdr.cn/thread-31199-1-1.html","https://4khdr.cn/data/attachment/forum/202503/18/163508x9uplueepnlue9sl.jpeg","","data/attachment/forum/202503/18/163508x9uplueepnlue9sl.jpeg",""
"天生好手 The Natural","1984","天赋 / 天赐奇才","巴瑞·莱文森","Roger Towne / 菲尔·杜森伯里","剧情 / 运动","美国","英语","134 分钟 / USA: 144 分钟(Director's Cut)","7.3分 (共909人参与评分)","","罗伯特·雷德福 / 格伦·克洛斯 / 罗伯特·杜瓦尔 / 金·贝辛格 / 威尔福德·布利姆雷","罗伊（罗伯特·雷德福 Robert Redford 饰）在幼年时期便已经展现出了杰出的棒球天赋，在父亲的精心栽培之下，罗伊的球技飞速的提升着。在罗伊十九岁那一年，父亲去世了，悲伤和痛苦之中，罗伊挥别了女友爱丽丝（格伦·克洛斯 Glenn Close 饰），决定前往芝加哥开辟属于自己的新天地。","https://4khdr.cn/thread-31226-1-1.html","https://4khdr.cn/data/attachment/forum/202503/18/223002s1v1l73ae7ebv1l1.jpeg","","data/attachment/forum/202503/18/223002s1v1l73ae7ebv1l1.jpeg",""
"哪吒之魔童降世","2019","哪吒降世 / Ne Zha / Nezha: Birth of the Demon Child","饺子","饺子 / 易巧 / 魏芸芸","剧情 / 喜剧 / 动画 / 奇幻","中国大陆","汉语普通话","110分钟","8.4分 (共1961155人参与评分)","","吕艳婷 / 囧森瑟夫 / 瀚墨 / 陈浩 / 绿绮 / 张珈铭 / 杨卫","天地灵气孕育出一颗能量巨大的混元珠，元始天尊将混元珠提炼成灵珠和魔丸，灵珠投胎为人，助周伐纣时可堪大用；而魔丸则会诞出魔王，为祸人间。元始天尊启动了天劫咒语，3年后天雷将会降临，摧毁魔丸。太乙受命将灵珠托生于陈塘关李靖家的儿子哪吒身上。然而阴差阳错，灵珠和魔丸竟然被掉包。本应是灵珠英雄的哪吒却成了混世大魔王。调皮捣蛋顽劣不堪的哪吒却徒有一颗做英雄的心。然而面对众人对魔丸的误解和即将来临的天雷的降临，哪吒是否命中注定会立地成魔？他将何去何从？","https://4khdr.cn/thread-28991-1-1.html","https://4khdr.cn/data/attachment/forum/202503/13/003617ix2pox0kox2twmk4.jpeg","","data/attachment/forum/202503/13/003617ix2pox0kox2twmk4.jpeg",""
"神偷联盟 Logan Lucky","2017","卢根急转弯(港) / 罗根好好运(台) / 幸运的罗根","史蒂文·索德伯格","丽贝卡·布朗特","喜剧 / 犯罪","美国","英语","119分钟","7.0分 (共40806人参与评分)","","查宁·塔图姆 / 丹尼尔·克雷格 / 亚当·德赖弗 / 丽莉·吉欧 / 希拉里·斯万克 / 凯瑟琳·沃特斯顿 / 大卫·丹曼 / 杰克·奎德 / 布莱恩·格里森 / 吉姆·奥希尔 / 法拉·麦肯齐 / 布登·约翰斯顿 / 萨顿·约翰斯顿 / 塞巴斯蒂安·斯坦 / 塞思·麦克法兰 / 凯蒂·霍尔姆斯","吉米（查宁·塔图姆 Channing Tatum 饰）曾是风光一时的体育明星，却因为受伤而不得不告别体坛，如今的他在一家高速公路收费站里工作，生活的窘迫而又窝囊，更糟糕的是，就连这份工作最终也抛弃了他，他被解雇了。","https://4khdr.cn/thread-31223-1-1.html","https://4khdr.cn/data/attachment/forum/202503/18/211416iyeu597k3guotu5n.jpeg","","data/attachment/forum/202503/18/211416iyeu597k3guotu5n.jpeg",""
"佐州自救兄弟2 Ride Along 2","2016","一路前行2(台)","蒂姆·斯托瑞","费尔·海伊 / 马特·曼弗莱迪  / 格雷格·库利奇","喜剧 / 动作","美国","英语","102分钟","6.2分 (共3883人参与评分)","","凯文·哈特 / 艾斯·库珀 / 提卡·森普特 / 本杰明·布拉特 / 奥利维亚·穆恩 / 郑肯 / 布鲁斯·麦克吉尔 / 迈克尔·罗斯 / 雪莉·谢波德 / Arturo del Puerto / 卡洛斯·戈麦斯 / 乌特卡什·安邦德卡尔 / 格伦·鲍威尔 / 娜丁·维拉兹盖兹 / 布莱莎·韦伯 / 詹姆斯·马丁·凯利 / 罗伯特·普拉尔戈 / 泰瑞斯·吉布森 / 雷·埃尔南德斯 / 尤兰达·亚当斯 / 詹妮弗·巴杰 / 艾斯·马里罗 / 裘斯 B.詹哈迪 / 弗莱迪·普尔 / 亨利·金 / 克里斯·波什 / Chrystall Friedemann / 兰迪·冈萨雷斯 / 阿方索·A·杰克逊","故事发生在第一部的一年后，菜鸟警察本（凯文·哈特 Kevin Hart 饰）与他的大舅子、老鸟警官詹姆斯（艾斯·库珀 Ice Cube 饰）再度联手，从亚特兰大前往迈阿密侦破一桩毒品大案。案件能否顺利侦破？本的婚礼能否如期举行？","https://4khdr.cn/thread-31200-1-1.html","https://4khdr.cn/data/attachment/forum/202503/18/163708o0o829xkk8ounhx2.jpeg","","data/attachment/forum/202503/18/163708o0o829xkk8ounhx2.jpeg",""
"美国队长4 Captain America: Brave New World","2025","美国队长4：勇敢新世界(港) / 美国队长：无畏新世界(台) / 美国队长4：新世界秩序 / 美队4 / Captain America 4 / Captain America: New World Order","朱利叶斯·约拿","罗伯·爱德华兹 / 马尔科姆·斯佩尔曼 / 达兰·穆森 / 朱利叶斯·约拿 / 彼得·格兰兹","动作 / 科幻 / 冒险","美国","英语 / 西班牙语 / 日语","119分钟","5.2分 (共41273人参与评分)","","安东尼·麦凯 / 哈里森·福特 / 丹尼·拉米雷斯 / 茜拉·哈斯 / 卡尔·鲁伯利 / 蒂姆·布雷克·尼尔森 / 吉安卡罗·埃斯波西托 / 豪莎·罗克莫雷 / 约翰内斯·豪克尔·约翰内森 / 平岳大 / 塞巴斯蒂安·斯坦 / 丽芙·泰勒 / 威廉·麦克·麦库洛 / 赫许·纳亚 / 里克·埃斯派耶 / 托德·艾伦·德金 / 达斯汀·刘易斯 / 蕾切尔·马卡里兰 / 蓬·库巴斯基 / 阿兰·波尔 / 阿娃·希尔 / 玛丽莎·香奈儿·汉普顿","能够展翅高飞的猎鹰山姆·威尔逊（安东尼·麦凯 Anthony Mackie 饰）受史蒂夫·罗杰斯的信任所托，接过盾牌，正式成为美国队长。在与美国总统撒迪厄斯·罗斯（哈里森·福特 Harrison Ford 饰）会面后，山姆发现自己被卷入了一场国际事件。他必须赶在真正的幕后黑手让全世界陷入混乱之前查明真相，揭露这起波及全球的阴谋。","https://4khdr.cn/thread-30481-1-1.html","https://4khdr.cn/data/attachment/forum/202503/13/002740rhq4ld7hzlhzi7km.jpeg","","data/attachment/forum/202503/13/002740rhq4ld7hzlhzi7km.jpeg",""
"峡谷 The Gorge","2025","禁谷","斯科特·德瑞克森","扎克·迪恩","动作 / 爱情 / 科幻 / 恐怖 / 冒险","英国 / 美国","英语","127分钟","分 (共0人参与评分)","","安雅·泰勒-乔伊 / 迈尔斯·特勒 / 西格妮·韦弗 / 索佩·迪瑞苏 / 威廉·休斯顿 / 寇布勒·霍尔德布鲁克-史密斯 / 詹姆斯·马洛 / 朱丽安娜·库洛卡娃 / 露塔·格德米纳斯 / 奥利弗·特雷韦纳 / 萨钦·巴特 / 萨曼莎·考格兰 / 亚历桑德罗·加西亚 / Greta Hansen / Larisa Munoz Mejia / Adam Scott-Rowley / József Tálos","两名训练有素的特工被派往神秘峡谷的对立两侧执行保护任务，并因此变得亲密。当邪恶势力出现时，他们必须携手合作，以求在峡谷中的未知险境中生存下来。","https://4khdr.cn/thread-29274-1-1.html","https://4khdr.cn/data/attachment/forum/202503/13/003254tw7g669h6y8n6y4p.jpeg","","data/attachment/forum/202503/13/003254tw7g669h6y8n6y4p.jpeg",""
"电幻国度 The Electric State","2025","电力之州","乔·罗素 / 安东尼·罗素","克里斯托弗·马库斯 / 斯蒂芬·麦克菲利","剧情 / 喜剧 / 动作 / 科幻 / 冒险","美国","英语","128分钟","分 (共0人参与评分)","","米莉·波比·布朗 / 克里斯·帕拉特 / 关继威 / 杰森·亚历山大 / 安东尼·麦凯 / 伍迪·诺曼 / 吉安卡罗·埃斯波西托 / 斯坦利·图齐 / 伍迪·哈里森 / 布莱恩·考克斯 / 珍妮·斯蕾特 / 汉克·阿扎利亚 / 科尔曼·多明戈 / 艾伦·图代克 / 德文·达尔顿 / 泰瑞·诺塔里 / 马丁·科勒巴 / 帕蒂·哈里森 / 亚当·克罗斯代尔 / Gabrielle Maiden / Chris Silvestri / 布洛克·布罗姆 / 库利·卡尔文 / 阿兰·波尔 / Myles Evans / 安吉拉·戴维斯 / 兰德尔·P·海文斯","影片改编自同名热门绘本，背景设定在洋溢未来风格的过往年代。主人公米歇尔（米莉·波比·布朗 饰）是个失去双亲的少女，她为了寻找失散的弟弟而踏上穿越美国西部之旅，与她同行的是个可爱又神秘的机器人，以及一名古怪的流浪客（克里斯·帕拉特 饰）。","https://4khdr.cn/thread-30961-1-1.html","https://4khdr.cn/data/attachment/forum/202503/15/141912i95i85s9vvs2516s.jpeg","","data/attachment/forum/202503/15/141912i95i85s9vvs2516s.jpeg",""
"老狗","2025","英雄无名","姜晓通","韦修亮","剧情 / 喜剧 / 动作","中国大陆","汉语普通话","99分钟","分 (共0人参与评分)","","姜武 / 刘奕铁 / 包贝尔 / 马苏 / 朱时茂 / 胡子程 / 刘怡潼 / 安琥","一条地下运毒链条牵扯出帮派小头目老狗（姜武 饰）、地头蛇三哥（包贝尔 饰）等人所在的地方帮派的交易网。在老狗管理的狗市里，愣头青东子（刘奕铁 饰）阴差阳错地卷入这场漩涡中，并获得老狗赏识成为其最心腹的小弟。帮派老大葛爷的离奇暴毙，让权力真空引发惨烈厮杀，几大狠人血拼上位，神秘势力暗中操盘，然而东子的身份也似乎并不简单。在情谊和生死面前，人性赌局的考验也让事态变得越来越扑朔迷离。","https://4khdr.cn/thread-30895-1-1.html","https://4khdr.cn/data/attachment/forum/202503/14/140849xzliezo1wy454xxz.jpeg","","data/attachment/forum/202503/14/140849xzliezo1wy454xxz.jpeg",""
"毒窃之徒 Dope Thief","2025","Sinking Spring / 辛金斯普林 / 毒品窃贼","玛塞拉·萨义德 / 乔纳森·范塔勒肯 / 彼得·克莱格 / 塔雅·汉密尔顿 / 雷德利·斯科特","彼得·克莱格","剧情 / 犯罪","美国","英语","","分 (共0人参与评分)","","布莱恩·泰里·亨利 / 瓦格纳·马拉 / 马琳·爱尔兰 / 阿米尔·阿里森 / 内斯塔·库珀 / 凯特·穆格鲁 / 文·瑞姆斯 / 威尔·普伦 / 阮春智 / 利兹·卡瑞贝尔 / Idris Debrand / 翘征 / Phong Le / Emma Lewis / Jaba Keh / 贾里德·约翰斯顿 / 加布里埃尔·埃伯特 / 卡茨·沃尔索尔 / Tara Gadomski / 查尔斯·哈尔福德","故事讲述的是多年好友和不良少年假扮缉毒局探员抢劫一栋乡间别墅，却无意中揭露并揭开了东部沿海最大的毒品隐秘通道。","https://4khdr.cn/thread-31081-1-1.html","https://4khdr.cn/data/attachment/forum/202503/16/224717tppb31qppp1qzrkk.jpeg","","data/attachment/forum/202503/16/224717tppb31qppp1qzrkk.jpeg",""
"陷阱 Trap","2024","圈套(港/台) / Good Grades","M·奈特·沙马兰","M·奈特·沙马兰","悬疑 / 惊悚 / 恐怖 / 犯罪","美国 / 加拿大","英语","105分钟","5.9分 (共10660人参与评分)","","乔什·哈奈特 / 阿里尔·多诺霍 / 莎莱克·沙马兰  / 艾丽森·皮尔 / 海莉·米尔斯 / 乔纳森·兰登 / 马克·巴科克 / 玛妮·麦克菲尔 / 卡迪小子 / 罗斯 / 马西娅·贝内特 / 凡妮莎·斯迈思 / M·奈特·沙马兰 / 洛克兰·雷·米勒 / 史蒂夫·博伊尔 / 戴维·德兰西·威尔逊 / 詹姆斯·戈麦斯 / 娜丁·哈亚特 / 迈克尔·布朗 / 海莉·莎莫","一名父亲（乔什·哈奈特 Josh Hartnett 饰）陪同青少年女儿（阿里尔·多诺霍 Ariel Donoghue 饰）参加一场流行音乐演唱会，他们后来发现自己正处于一场黑暗邪恶的活动中。","https://4khdr.cn/thread-30984-1-1.html","https://4khdr.cn/data/attachment/forum/202503/15/190803enllovof5fu0511f.jpeg","","data/attachment/forum/202503/15/190803enllovof5fu0511f.jpeg",""
"河童之子 Bloat","2025","","巴勃萝·阿布森托","巴勃萝·阿布森托","恐怖","美国","英语","","分 (共0人参与评分)","","本·麦肯锡 / 博亚娜·诺瓦科维奇 / 索耶·琼斯 / 马尔科姆·富勒 / 小杉健 / Ethan Herschenfeld / 阿莎·埃奇森 / 大卫·吉布森 / Rebecca Nelson / 詹姆斯·亚当·林 / 横田実优 / 大卫·莱文 / Larry Bull / Jeff Applegate / 秋野松明 / 扎克·新里","影片讲述了一位母亲和两个儿子在日本度假的故事。他们的小儿子差点淹死在湖里，事故发生后不久，父母意识到他们的儿子出了问题。","https://4khdr.cn/thread-31077-1-1.html","https://4khdr.cn/data/attachment/forum/202503/16/210947ol8v88506l6lo8lb.jpeg","","data/attachment/forum/202503/16/210947ol8v88506l6lo8lb.jpeg",""
"乌鸦 The Crow","2024","新版乌鸦 / 龙族战神：重生(台) / 乌鸦：重生 / The Woods","鲁伯特·桑德斯","詹姆斯·奥巴尔 / 扎克·贝林 / 威廉·乔瑟夫·施耐德","动作 / 爱情 / 惊悚 / 恐怖 / 犯罪 / 奇幻","英国 / 法国 / 美国","英语","110分钟","4.9分 (共2649人参与评分)","","比尔·斯卡斯加德 / 小枝女孩 / 丹尼·赫斯顿 / 约瑟特·西蒙 / 劳拉·布林 / 塞米·鲍亚吉拉 / 卡雷尔·多布雷 / 乔丹·博尔格 / 锡巴斯琴·奥罗兹科 / 戴维·鲍尔斯 / Trigga /  桑巴·戈尔丁 / 伊莎贝拉·魏 / 乔丹·哈吉 / 杜卡金·波德里马吉","本片将更加忠实詹姆斯·奥·巴尔的同名漫画。讲述摇滚乐手埃里克·德雷文（比尔·斯卡斯加德 Bill Skarsgård 饰）和他的未婚妻雪莉（小枝女孩 FKA twigs 饰）被残忍杀害。一年后，埃里克从坟墓中苏醒，并进行复仇。复活后的埃里克拥有着超自然的力量，而他所到之处必定有乌鸦跟随。","https://4khdr.cn/thread-30985-1-1.html","https://4khdr.cn/data/attachment/forum/202503/15/191235gvpttf22zt992zmc.jpeg","","data/attachment/forum/202503/15/191235gvpttf22zt992zmc.jpeg",""
"荒野机器人 The Wild Robot","2024","荒野机械人(港)","克里斯·桑德斯","克里斯·桑德斯","科幻 / 动画 / 冒险","美国","英语","102分钟","8.1分 (共96636人参与评分)","","露皮塔·尼永奥 / 佩德罗·帕斯卡 / 基特·康纳 / 凯瑟琳·欧哈拉 / 比尔·奈伊 / 许玮伦 / 亚历桑德拉·诺薇儿 / 马特·贝里 / 文·瑞姆斯 / 马克·哈米尔 / 保罗·迈克尔·威廉姆斯","影片改编自皮特·布朗的同名畅销书，聚焦机器人萝斯（露皮塔·尼永奥 Lupita Nyong'o 配音）的冒险之旅。她因一场意外漂流到了孤岛，偏离了程序预设的发展轨道，不得不面对险恶的生存环境，并试图与充满戒备和敌意的野生动物建立关系。随着萝斯遇到了一只小灰雁（基特·康纳 Kit Connor 配音）并成为了他的“妈妈”，她逐渐在这座荒岛中找到了归属感。被定义好的编程即将被打破，一段关乎爱的心灵故事即将展开。","https://4khdr.cn/thread-31078-1-1.html","https://4khdr.cn/data/attachment/forum/202503/16/211545xa80xx0hy8dbi8i0.jpeg","","data/attachment/forum/202503/16/211545xa80xx0hy8dbi8i0.jpeg",""
"权欲第三章 第四季 Power Book III: Raising Kanan Season 4","2025","少年卡南","","","剧情","美国","英语","","分 (共0人参与评分)","","","","https://4khdr.cn/thread-31079-1-1.html","https://4khdr.cn/data/attachment/forum/202503/16/223739depz3eb5g6e84h98.jpeg","","data/attachment/forum/202503/16/223739depz3eb5g6e84h98.jpeg",""
"长明河 Long Bright River","2025","","哈加尔·本-艾舍尔","Liz Moore / 尼琪·托斯卡诺","剧情","美国","英语","","分 (共0人参与评分)","","阿曼达·塞弗里德 / 哈里特·桑塞姆·哈里斯 / 帕芮·马费尔德 / 达什·米霍克 / 阿什莉·卡明斯 / 马修·德尔·内格罗 / 约翰·道曼 / 帕奇·德拉奇 / 尼古拉斯·平诺克 / 布丽特妮·欧德福特 / Callum Vinson / Valentina Tammaro / Philipe D. Preston / Mark R. Anthony","Peacock订购了根据莉兹·摩尔的小说《长明河》改编的连续剧。以遭受阿片类药物危机的费城社区为背景，围绕着凯西和米奇两姐妹的不同生活展开。","https://4khdr.cn/thread-31080-1-1.html","https://4khdr.cn/data/attachment/forum/202503/16/224210inx66323ul61lsl4.jpeg","","data/attachment/forum/202503/16/224210inx66323ul61lsl4.jpeg",""
"边缘 La Marginale","2023","","弗兰克·西米埃尔","Eurydice da Silva / 弗兰克·西米埃尔","剧情 / 喜剧","法国","法语","","分 (共0人参与评分)","","科琳娜·马谢罗 / Vincent Chalambert","五十多岁的米歇尔无家可归，只能居住在奥利机场的候机大厅，她每天过着艰苦而孤独的生活。而泰奥则是一名患有精神障碍的年轻人，靠着在机场从事的简单工作而领取微薄的收入，勉强度日。孤独的两个人因为命运的某种联结而在冰冷的飞机场相互依赖、取暖。一天，米歇尔突然决定去里斯本看望自己的儿子，泰奥天真地答应米歇尔表示自己可以开车送她去，除了两个人对未来的旅程毫无准备外，更让人惊讶的是，泰奥只有一辆没有牌照的汽车......一拍即合后，两个人便鲁莽地踏上了他们在省道上的冒险之旅，一路上笑料百出，同时也让陌生的两个人的关系变得更加紧密。自从泰奥被亲生母亲遗弃后，米歇尔给予了他最真挚又温暖的爱。陌生的两个人因为相似的境遇而相遇相知。本片聚焦现代社会的日常生活与人际关系，展现了世间的真情。","https://4khdr.cn/thread-31103-1-1.html","https://4khdr.cn/data/attachment/forum/202503/17/005526q333k28a220uqkbq.jpeg","","data/attachment/forum/202503/17/005526q333k28a220uqkbq.jpeg",""
"养蜂人 The Beekeeper","2024","蜂刑者(台) / 蜂神恶杀(港)","大卫·阿耶","科特·维莫","动作 / 惊悚","美国 / 英国","英语","105分钟","6.1分 (共89408人参与评分)","","杰森·斯坦森 / 乔什·哈切森 / 杰瑞米·艾恩斯 / 艾美·拉韦尔-兰普曼 / 鲍比·纳德利 / 大卫·威茨 / 米迦勒·埃普 / 泰勒·詹姆斯 / 菲利西亚·拉斯海德 / 吉玛·雷德格里夫 / 明妮·德里弗 / 唐·吉尔特 / 索菲亚·费里西亚诺 / 恩佐·科伦蒂 / 梅根·乐 / 李丹 / 乔治娅·古德曼 / 德里克·肖 / 杰·林康 / 科乔·阿塔","克莱（杰森·斯坦森 Jason Statham 饰）在乡下养蜂，平静度日。与其交好的房东奶奶帕克（菲利西亚·拉斯海德 Phylicia Rashad 饰），被一场网络诈骗卷走了所有慈善筹款，崩溃自杀。克莱获悉真相后，孤身勇闯诈骗集团复仇。追查中，克莱挖出诈骗团伙背后盘根错节的利益集团，面临疯子特工、权势财团、FBI的接连围剿，游离法律之外的暗卫组织“养蜂人”也牵扯其中，克莱的真实身份也浮出水面。克莱能否凭一己之力对抗滔天罪恶？新的“疯暴”正在袭来……","https://4khdr.cn/thread-30986-1-1.html","https://4khdr.cn/data/attachment/forum/202503/15/191641uqeqelbemzz3cyeb.jpeg","","data/attachment/forum/202503/15/191641uqeqelbemzz3cyeb.jpeg",""
"催眠 Hypnotic","2023","潛眠叛變(港)","罗伯特·罗德里格兹","罗伯特·罗德里格兹 / 麦克思·鲍伦斯坦","动作 / 悬疑 / 惊悚","美国","英语","92分钟","5.9分 (共8299人参与评分)","","本·阿弗莱克 / 艾莉丝·布拉加 / J·D·普拉多 / 戴奥·奥柯奈伊 / 杰夫·法赫 / 杰基·厄尔·哈利 / 威廉·菲克纳 / 赞恩·霍尔茨 / 鲁本·哈维尔·卡巴雷诺 / 凯莉·弗莱 / 桑迪·阿维拉 / 瑞恩·留萨基 / 哈拉·芬利 / 爱奥妮·奥利维亚·尼维斯 / 科瑞娜·卡尔德隆 / 劳伦斯·瓦尔纳多 / 德里克·罗素 / 达娜·温·刘 / 罗纳德·乔·瓦斯奎兹 / 海尔斯·杨","探员丹尼（本·阿弗莱克 饰）在调查一系列银行劫案的过程中，发现一名如幽灵般的危险男子，惊觉案件和此人竟与其失踪女儿有关！在灵媒戴安娜（艾莉丝·布拉加 饰）的协助下，他尝试追查并拆解箇中谜团，却反让二人被该男子追捕。急于寻回女儿的丹尼顷刻堕入难以自拔的境况，然而事情发展将彻底超出意料，颠覆他对身边一切的认知……","https://4khdr.cn/thread-30991-1-1.html","https://4khdr.cn/data/attachment/forum/202503/15/194142vjzey6y5iwv7f95a.jpeg","","data/attachment/forum/202503/15/194142vjzey6y5iwv7f95a.jpeg",""
"原钻 Uncut Gems","2019","原石 / 未成大器 / 未切割宝石 / 未切割的钻石 / 未切割的宝石 / 未琢之石(豆友译名)","本·萨弗迪 / 约书亚·萨弗迪","罗纳德·布隆斯坦 / 本·萨弗迪 / 约书亚·萨弗迪","剧情 / 犯罪","美国","英语 / 希伯来语","135分钟","7.3分 (共39678人参与评分)","","亚当·桑德勒 / 茱莉娅·福克斯 / 凯文·加内特 / 威肯 / 伊迪娜·门泽尔 / 乔纳森·阿兰巴耶夫 / 雅各布·伊吉尔斯基 / 诺亚·费舍尔 / 帕洛玛·艾尔瑟瑟 / 勒凯斯·斯坦菲尔德 / 埃里克·博高森 / 基思·威廉姆斯·理查兹 / 汤米·科米尼克 / 路易·安东尼·阿里亚斯 / 肖恩·林金 / 贾德·赫希 / 约翰·阿莫斯 / 布莱斯·科里根 / 罗比·德拉费勒 / 安赫·道格 / 迈克·弗朗西萨 / 庞·克莱门捷夫 / 娜塔莎·雷昂 / 乔恩·内卡杰 / 尼克·波托兰宁 / 杰克·莱恩 / 蒂尔达·斯文顿","影片讲述了一位纽约钻石店老板Howard Ratner（亚当·桑德勒 饰），他嗜赌成瘾，婚姻岌岌可危，还有一个对他不忠的女友（茱莉娅·福克斯 饰）。Howard Ratner欠Arno（埃里克·博高森 饰）钱，而打手们也一直威胁着让他还钱。当他买了一块价值数百万美元的稀有的未切割埃塞俄比亚蛋白原石，他觉得自己的霉运会就此终结。这块原石本来是打算拿去拍卖的，但当波士顿凯尔特人超级球星凯文·加内特走进宝石店，希望借走这块石头——它可以给他在NBA总决赛上带来好运——的时候，事态也就越发复杂了起来。","https://4khdr.cn/thread-30988-1-1.html","https://4khdr.cn/data/attachment/forum/202503/15/192430z70wuw5r7u5rl5pu.jpeg","","data/attachment/forum/202503/15/192430z70wuw5r7u5rl5pu.jpeg",""
"午夜谋杀 Murder by Decree","1980","午夜追杀 / 午夜追杀令 / 雾都谋杀案","鲍勃·克拉克","约翰·霍普斯金","剧情 / 悬疑 / 惊悚 / 恐怖 / 犯罪","英国 / 加拿大","英语","124 分钟 / Sweden: 110 分钟","6.1分 (共211人参与评分)","","克里斯托弗·普卢默 / 詹姆斯·梅森 / 戴维·海明斯 / 苏珊·克拉克 / 安东尼·奎尔 / 约翰·吉尔古德 / 弗兰克·芬莱 / 唐纳德·萨瑟兰 / 詹妮薇芙·布卓","Sherlock Holmes investigates the murders commited by Jack the Ripper and discovers a conspiracy to protect the killer.","https://4khdr.cn/thread-30987-1-1.html","https://4khdr.cn/data/attachment/forum/202503/15/192059jvb7pnuvvvgvkyhc.jpeg","","data/attachment/forum/202503/15/192059jvb7pnuvvvgvkyhc.jpeg",""
"周末狂欢 Human Traffic","1999","情爱四人帮","Justin Kerrigan","Justin Kerrigan","剧情 / 喜剧 / 音乐","爱尔兰 / 英国","英语","99 分钟","7.4分 (共299人参与评分)","","约翰·西姆 / 丹尼·戴尔 / 肖恩·帕克斯 / Lorraine Pilkington / Nicola Reynolds","The Cardiff club scene in the 90's: five best friends deal with their relationships and their personal demons during a weekend. Jip calls himself a sexual paranoid, afraid he's impotent. Lulu, Jip's mate, doesn't find much to fancy in men. Nina hates her job at a fast food joint, and her man, Koop, who dreams of being a great hip-hop d.j., is prone to fits of un-provoked jealousy. The fifth is Moff, whose family is down on his behavior. Starting Friday afternoon, with preparations for clubbing, we follow the five from Ecstacy-induced fun through a booze-laden come-down early Saturday morning followed by the weekend's aftermath. It's breakthrough time for at least three of them.","https://4khdr.cn/thread-30989-1-1.html","https://4khdr.cn/data/attachment/forum/202503/15/193016ljq79897cv7qc8z6.jpeg","","data/attachment/forum/202503/15/193016ljq79897cv7qc8z6.jpeg",""
"下班后 After Hours","1985","八小时之外 / 业余时间 / 三更半夜(港)","马丁·斯科塞斯","约瑟夫·米恩","剧情 / 喜剧 / 惊悚","美国","英语","97 分钟","8.1分 (共15858人参与评分)","","格里芬·邓恩 / 罗姗娜·阿奎特 / 弗娜·布鲁姆 / 汤米·钟 / 琳达·费奥伦蒂诺 / 特瑞·加尔 / 约翰·赫德 / 切奇·马林 / 凯瑟琳·欧哈拉 / 迪克·米勒 / 威尔·帕顿 / Robert Plunket / 布隆森·皮诺切特 / 罗科·西斯托 / 拉里·布洛克 / 维克多·阿尔果 / Clarke Evans / Bill Elverman / 克拉伦斯·菲尔德 / Robin Johnson / 斯蒂芬·林 / 罗基茨·雷德格拉尔 / 凯瑟琳·斯科塞斯 / 查尔斯·斯科塞斯 / 马丁·斯科塞斯","电脑文书保罗（Griffin Dunne 饰）下班后去餐厅宵夜，他手上的《北回归线》让邻座的神秘女子玛西（Rosanna Arquette 饰）上前搭讪，玛西留下电话号码，并向他介绍与自己合租的女雕塑家琦琦。保罗为追求一段艳遇，在午夜时分拨通了玛西的电话，玛西家中因纸糊雕塑显得凌乱不堪，她本人则急于喋喋不休的倾诉，让保罗无法得逞，保罗不能忍受那个没有露脸的男人“富兰克林”与玛西的神经质表现，在急欲返家之时，却又卷入了连串麻烦，与酒吧老板、酒吧女招待、朋克青年们、两名窃贼、开冰激凌车的女青年等等纠缠不清，似乎在这个夜里，所有人都在妨碍保罗回家。","https://4khdr.cn/thread-30990-1-1.html","https://4khdr.cn/data/attachment/forum/202503/15/193815p9dqasx7cyd9o5ys.jpeg","","data/attachment/forum/202503/15/193815p9dqasx7cyd9o5ys.jpeg",""
"伸冤人 The Equalizer","2014","叛谍裁判(港) / 私刑教育(台)","安东尼·福奎阿","理查德·温克 / 迈克尔·斯隆 / 理查德·林德海姆","动作 / 惊悚 / 犯罪","美国","英语 / 俄语 / 西班牙语","132分钟","7.8分 (共130336人参与评分)","","丹泽尔·华盛顿 / 马尔顿·索克斯 / 科洛·葛蕾丝·莫瑞兹 / 大卫·哈伯 / 海莉·贝内特 / 比尔·普尔曼 / 梅丽莎·里奥 / 大卫·梅尼尔 / E·罗杰·米切尔 / 亚历克斯·维多夫 / 弗拉基米尔库利奇 / 迈克·奥迪亚","麦考尔（丹泽尔·华盛顿 Denzel Washington 饰）是一名已经退役的黑色行动突击队队员，常年浸淫在充满了暴力和危险的生活中，麦考尔的内心早已经疲惫不堪，为了脱离组织，他大费周章伪造了自己已经死亡的假象，来到了波士顿，改头换面，隐姓埋名，企图能够过上平静安宁的新生活。","https://4khdr.cn/thread-30993-1-1.html","https://4khdr.cn/data/attachment/forum/202503/15/194648dtraulpahoa0fauu.jpeg","","data/attachment/forum/202503/15/194648dtraulpahoa0fauu.jpeg",""
"德州电锯杀人狂前传 The Texas Chainsaw Massacre: The Beginning","2006","德州电锯杀人狂：从头开始 / 德州链锯杀人狂前传 / 德州电锯杀人狂——成魔之路 / 德州链锯杀人狂：开始","乔纳森·里贝斯曼","谢尔顿·特纳","惊悚 / 恐怖","美国","英语","91 分钟 / 96 分钟(未分级版) / 83 分钟(德国删减版)","6.8分 (共21674人参与评分)","","乔丹娜·布鲁斯特 / 安德鲁·布莱尼亚斯基 / 迪奥拉·拜尔德 / 泰勒·汉德雷 / 李·厄米 / 马特·波莫","在德州某屠宰场，肥胖的女工正在案板切肉，突然感到腹中剧痛，原来身怀有孕的她羊水已破，产下一个畸形儿，遗弃在垃圾箱，后来被清洁工救起。N年后，一群年轻人驾车路过这里。刚从越南前线归来的艾瑞克（马修•波莫 Matthew Bomer 饰）刚与未婚妻克莉希（乔丹娜•布鲁斯特 Jordana Brewster 饰）团聚，就得知弟弟迪恩（泰勒•汉德雷 Taylor Handley 饰）又要去前线，他本想陪弟弟共赴沙场。但迪安在女友贝莉（迪奥拉•拜尔德 Diora Baird 饰）的劝说下准备将入伍证烧掉，他们为此产生了争执。这时，他们遭到了飙车党挑衅。后来，为首的女孩竟然被警察击毙。警察霍伊特（R•李•艾尔米 R. Lee Ermey 饰）拦住了他们的车子，把他们带到了令人毛骨悚然的屠宰场，开始了惨无人道的折磨……","https://4khdr.cn/thread-30994-1-1.html","https://4khdr.cn/data/attachment/forum/202503/15/195124o54u98ggu1gudm14.jpeg","","data/attachment/forum/202503/15/195124o54u98ggu1gudm14.jpeg",""
"电子世界争霸战 TRON","1982","创 / Tron","史蒂文·利斯伯吉尔","史蒂文·利斯伯吉尔 / 邦尼·麦克伯德 / 查尔斯·S·哈斯","动作 / 科幻 / 冒险","美国","英语","96分钟","7.4分 (共8301人参与评分)","","杰夫·布里吉斯 / 布鲁斯·巴克林纳 / 大卫·沃纳 / 辛迪·摩根 / 巴纳德·休斯 / 丹·肖尔 / 彼得·朱拉斯克","凯文·弗林（杰夫·布里吉斯 Jeff Bridges 饰）是个天才程序员，然而曾经开发的一款游戏软件被前同事盗取，为了证实那是自己的作品，凯文试图进入前同事公司的主控程序MCP，却发现其已经强大到随意控制其他程序。凯文求助于同事艾伦（布鲁斯·巴克林纳 Bruce Boxleitner 饰），后者设计了一款钳制MCP的程序Tron，不想MCP察觉了凯文的动作，将他吸进程序空间，变成一个掌控之下的小程序。在MCP空间内，凯文需要保住性命，更要找到破解方法回到现实……","https://4khdr.cn/thread-30996-1-1.html","https://4khdr.cn/data/attachment/forum/202503/15/195826djszew1k2k7o1doj.jpeg","","data/attachment/forum/202503/15/195826djszew1k2k7o1doj.jpeg",""
"球爱的天空 Tin Cup","1996","锡杯 / 千万风情","罗恩·谢尔顿","John Norville / 罗恩·谢尔顿","剧情 / 喜剧 / 爱情 / 运动","美国","英语","135 分钟","7.3分 (共843人参与评分)","","凯文·科斯特纳 / 蕾妮·罗素 / 唐·约翰逊 / 切奇·马林","锡杯是每一个专业高尔夫运动员都渴望得到的最高荣耀，同时亦是罗伊（凯文·科斯特纳 Kevin Costner 饰）的代号，这证明了罗伊曾在界内有着怎样崇高的地位。然而一切都已经是过眼云烟了，在罗伊输掉了一场非常重要的比赛后，心灰意冷的他放弃了拼搏的斗志，返回了德克萨斯州，在那里开了一家高尔夫练习场。","https://4khdr.cn/thread-30995-1-1.html","https://4khdr.cn/data/attachment/forum/202503/15/195503x1wdgq0pp2t1ql91.jpeg","","data/attachment/forum/202503/15/195503x1wdgq0pp2t1ql91.jpeg",""
"白雪公主之魔镜魔镜 Mirror Mirror","2012","魔镜 ﹡魔镜：白雪公主决战黑心皇后(港) / 白雪公主 / 魔镜,魔镜","塔西姆·辛","雅各布·格林 / 威廉·格林 / 梅丽莎·沃雷克 / 贾森·凯勒","剧情 / 喜剧 / 奇幻 / 冒险","美国","英语","106分钟","6.3分 (共71953人参与评分)","","朱莉娅·罗伯茨 / 莉莉·柯林斯 / 艾米·汉莫 / 内森·连恩 / 肖恩·宾 / 梅尔·温宁汉姆 / 迈克尔·勒纳","影片讲述了由朱莉娅·罗伯茨主演的邪恶的皇后窃取了国家的政权，而被流放的公主在七个足智多谋的小矮人的帮助下，重新赢回了属于她的权力。","https://4khdr.cn/thread-30998-1-1.html","https://4khdr.cn/data/attachment/forum/202503/15/200909zcg6ce2gz6xv3pb3.jpeg","","data/attachment/forum/202503/15/200909zcg6ce2gz6xv3pb3.jpeg",""
"","","","","","","","","","","","","","https://4khdr.cn/thread-30997-1-1.html","https://4khdr.cn/data/attachment/forum/202503/15/200305cz9xoxk8vx6imee7.jpeg","","data/attachment/forum/202503/15/200305cz9xoxk8vx6imee7.jpeg",""
"伸冤人3 The Equalizer 3","2023","私刑教育3(台) / 叛谍裁判3：终极一战(港)","安东尼·福奎阿","理查德·温克 / 迈克尔·斯隆 / 理查德·林德海姆","动作 / 惊悚 / 犯罪","美国","英语 / 意大利语","109分钟","7.2分 (共50663人参与评分)","","丹泽尔·华盛顿 / 达科塔·范宁 / 欧吉尼奥·马斯特兰德雷亚 / 大卫·丹曼 / 盖亚·斯考达里奥 / 雷莫·吉罗内 / 安德烈·斯卡杜齐奥 / 安德烈埃·多德罗 / 丹尼尔·佩罗内 / 扎卡里亚·哈姆扎 / 索尼娅·阿马尔 / 尼可洛·森尼 / 布鲁诺·比洛塔 / 萨尔瓦多·罗科","退休特工兼私人侦探罗伯特·麦考尔（丹泽尔·华盛顿 饰）大杀四方为复仇之路写下最后一章。他放弃了为政府担任杀手的生活，并一直在努力调解过去所做的可怕之事，在代表被压迫者伸张正义时，他的内心找到了一种奇怪的慰藉。在意大利南部，罗伯特发现他的新朋友被犯罪头目控制了，随着事件变得致命起来，罗伯特知道自己必须与黑手党交手，以保护朋友安全。","https://4khdr.cn/thread-31000-1-1.html","https://4khdr.cn/data/attachment/forum/202503/15/202428wbndvnstytnysbr7.jpeg","","data/attachment/forum/202503/15/202428wbndvnstytnysbr7.jpeg",""
"伸冤人2 The Equalizer 2","2018","制裁特攻 / 私刑教育2(台) / 叛谍裁判2(港)","安东尼·福奎阿","理查德·温克 / 迈克尔·斯隆 / 理查德·林德海姆","动作 / 惊悚 / 犯罪","美国","英语 / 法语 / 土耳其语 / 希伯来语","121分钟","7.3分 (共70303人参与评分)","","丹泽尔·华盛顿 / 佩德罗·帕斯卡 / 艾什顿·桑德斯 / 奥森·比恩 / 比尔·普尔曼 / 梅丽莎·里奥 / 乔纳森·斯卡弗 / 沙基纳·贾弗里 / 卡罗琳·戴 / 特德·阿尔奇迪 / 杰伊·赫农 / 马克西米利安·麦克纳马拉 / 安德烈·阿罗维斯基","麦考尔（丹泽尔·华盛顿 Denzel Washington 饰）一直以来都过着隐姓埋名离群索居的生活，所有人都以为他已经死了，只有苏珊（梅丽莎·里奥 Melissa Leo 饰）还和他保持着联系。一天，苏珊接到任务，要前往布鲁塞尔调查一位CIA特工自杀的案件，之后就失去了联系，麦考尔凭借这本能察觉到，苏珊已经死了。","https://4khdr.cn/thread-30999-1-1.html","https://4khdr.cn/data/attachment/forum/202503/15/201335kreir6bdqijfjb6b.jpeg","","data/attachment/forum/202503/15/201335kreir6bdqijfjb6b.jpeg",""
"本能 Basic Instinct","1992","第六感追缉令(台) / 氷の微笑","保罗·范霍文","乔·埃泽特哈斯","剧情 / 悬疑 / 惊悚","美国 / 法国","英语","128分钟","7.9分 (共170393人参与评分)","","迈克尔·道格拉斯 / 莎朗·斯通 / 乔治·杜兹达扎 / 珍妮·特里普里霍恩 / 丹尼斯·阿尔恩特","退休摇滚明星强尼·博兹（Bill Cable 饰）在性行为的过程中被人用白丝巾捆绑双手后用冰锥残忍刺死。其女友凯瑟琳·特拉梅尔（Sharon Stone 饰）是一名作家，去年出版的小说中就有双手被白丝巾捆绑的退休摇滚明星被女友用冰锥刺死的情节。虽然特拉梅尔通过了谎言测试，但曾枪杀两位游客却被判无罪的尼克·柯兰警探（Michael Douglas 饰）坚持认为特拉梅尔在说谎。因为他自己也曾接受过谎言测试，并且通过了……","https://4khdr.cn/thread-31120-1-1.html","https://4khdr.cn/data/attachment/forum/202503/17/154315vzg2h2sgrhgg1h2g.jpeg","","data/attachment/forum/202503/17/154315vzg2h2sgrhgg1h2g.jpeg",""
"帕丁顿熊3：秘鲁大冒险 Paddington in Peru","2024","帕丁顿熊3 / 柏灵顿：秘鲁大冒险(港) / 柏灵顿：熊熊去秘鲁(台) / 柏灵顿：熊来疯秘鲁 / 帕丁顿熊在秘鲁 / Paddington 3","道格尔·威尔森","马克·伯顿 / 西蒙·法纳比 / 乔·福斯特 / 保罗·金 / 詹姆斯·拉蒙特 / 迈克尔·邦德","喜剧 / 动画 / 悬疑 / 奇幻 / 冒险","英国 / 法国 / 美国","英语","107分钟","6.7分 (共18658人参与评分)","","本·卫肖 / 奥利维娅·科尔曼 / 休·博纳维尔 / 艾米莉·莫迪默 / 艾美达·斯丹顿 / 安东尼奥·班德拉斯 / 卡拉·桃丝 / 马德琳·哈里斯 / 萨缪尔·乔斯林 / 吉姆·布劳德本特 / 海莉·阿特维尔 / 休·格兰特 / 朱丽·沃特斯 / 乔尔·弗莱 / 奥利弗·莫尔特曼 / 罗比·基 / 桑吉夫·巴哈斯卡 / 本·米勒 / 杰西卡·海因斯 / 卡拉·琼斯 / 尼古拉斯·本恩斯 / 阿什莉·雷诺兹 / 阿米特·沙阿 / Ella Dacres / Aloreia Spencer","帕丁顿（本·卫肖 Ben Whishaw 配音）回到家乡秘鲁看望他心爱的露西婶婶（艾美达·斯丹顿 Imelda Staunton 配音）。露西婶婶现住在退休熊之家。然而一个谜团将帕丁顿和布朗一家带入意想不到的惊险旅程。从亚马逊雨林到秘鲁山巅，一场激动人心的冒险随之而来。","https://4khdr.cn/thread-31076-1-1.html","https://4khdr.cn/data/attachment/forum/202503/16/205942m144l7nwt61ut6z1.jpeg","","data/attachment/forum/202503/16/205942m144l7nwt61ut6z1.jpeg",""
"我的青春期","2015","我的春梦 / 我的青春 / 我的青春梦 / My Original Dream","郝杰","郝杰 / 葛夏","剧情 / 爱情","中国大陆","晋语 / 汉语普通话","91分钟 / 106分钟(导演剪辑版)","6.1分 (共22560人参与评分)","","包贝尔 / 孙怡 / 冯四 / 杜焕荣 / 兰江 / 史越 / 胡河川 / 周彪 / 吉祥 / 王鹏 / 钟星星 / 董昕傧 / 柳敏 / 葛夏 / 闫晋 / 白卜旦 / 李子彦 / 赵建亮 / 常涛 / 王法 / 李斌 / 依妮 / 郝杰 / 王潇宜 / 二后生","赵闪闪（包贝尔 饰）是一位单纯善良的少年，默默喜欢着美丽女孩李春霞（孙怡 饰），两人考入了同一所高中，随着时间的推移，青涩的感情渐渐生根发芽，两人之间的距离越来越近。然而，来自学校和家长的压力让赵闪闪和李春霞不得不暂时分开，他们许下承诺，共同努力考入同一所大学，再续前缘。","https://4khdr.cn/thread-31104-1-1.html","https://4khdr.cn/data/attachment/forum/202503/17/005959ld3g4041qjor34jr.jpeg","","data/attachment/forum/202503/17/005959ld3g4041qjor34jr.jpeg",""
"下一站，说爱你 รถไฟฟ้า…มาหานะเธอ","2009","曼谷轻轨恋曲 / 乘着轻轨去见她 / 轻轨恋曲 / 下一站说爱你 / Bangkok Traffic Love Story / Rot Fai Faa…Maa Ha Na Ter","埃迪森·特斯利卡森","纳瓦彭·坦荣瓜塔纳利","喜剧 / 爱情","泰国","泰语","125分钟","7.8分 (共54711人参与评分)","","提拉德·翁坡帕 / 安苏玛琳·瑟拉帕萨默莎 / 克丽丝·霍旺","梅丽（Cris Horwang 饰）年逾30，至今未婚。眼瞅着身边的朋友出双入对，自己却始终孤身一人，难免悲从中来。情人节参加完最后一个单身朋友的结婚派对，喝得醉熏熏的梅丽在车祸后意外遇到在轻轨公司上班的大伯（Theeradej Wongpuapan 饰），大伯的热心和帅气令梅丽一见倾心。为了结束自己长达三十年的单身生涯，梅丽决定把握机会，主动出击。终于鼓起勇气走到大伯面前，可是却频发状况，还被邻居的花心小妹妹阿宝抢占先机。好不容易找到一点恋爱的感觉时，梅丽却意外在大伯扔掉的背里发现一些东西。追求爱情的路上布满荆棘，梅丽最终能否赢得属于自己的爱情？","https://4khdr.cn/thread-31107-1-1.html","https://4khdr.cn/data/attachment/forum/202503/17/010903xzkpy5wywlykp21a.jpeg","","data/attachment/forum/202503/17/010903xzkpy5wywlykp21a.jpeg",""
"热舞飞扬：舞出自由 Battle: Freestyle","2022","飙起舞遇见你：舞出自由(台) / 舞出新生2：自由翩翩(港)","Ingvild Søderlind","Martina Cecelia / 马贾·隆德","剧情 / 爱情 / 歌舞","挪威","挪威语","88分钟","4.6分 (共95人参与评分)","","丽莎·泰格 / Fabian Svegaard Tapia / 艾伦·多丽特·彼得森 / 菲利普·安德瑞·波铁洛 / Morad Aziman / Bao Andre Nguyen / Christine Grace Szarko / Georgia May Anta / Bboy Junior / Léa Djyl / Keiona / Salah Benlemqawanssa / Adeline Tayoro / Martine Mbock / Kevin Staincq","在奥斯陆的一间小公寓里，阿玛莉和她的男友米凯尔梦想着能在街舞的国际舞台上有所突破。当两人所在的“违禁舞团”被选中参加巴黎著名的舞蹈比赛时，机会终于来了。然而在巴黎，生活却不遂人愿。团员们意识到必须改变舞蹈动作，否则就会与此次机会失之交臂。与此同时，阿玛莉因寻找她关系疏远的母亲而心烦意乱，她的母亲居住在巴黎，并经营一家芭蕾舞学校。阿玛莉搞砸了舞团的新动作，团内的紧张气氛上升，她的舞台表现也因此受到了影响。团员们与阿玛莉对质时，她绝望地意识到：自己再也不是该团队的一员。但在寻找母亲的过程中，她偶然发现了一个地下舞蹈俱乐部，在那里她可以自由地跳舞，重新燃起她对舞蹈的热情。在对米凯尔的爱、对母亲的思念和对舞蹈的热爱之间，阿玛莉必须做出选择。她将何去何从？","https://4khdr.cn/thread-31105-1-1.html","https://4khdr.cn/data/attachment/forum/202503/17/010403ux3azto9wxxpnk11.jpeg","","data/attachment/forum/202503/17/010403ux3azto9wxxpnk11.jpeg",""
"你好，陌生人 กวน มึน โฮ","2010","只爱陌生人 / 冬日恋爱 / 认识我，认识你 / 两心知 / Hello Stranger / Knowing Me, Knowing You","班庄·比辛达拿刚","班庄·比辛达拿刚 / 辰塔维·塔纳西维 / 侬特拉·孔旺","喜剧 / 爱情","泰国","泰语 / 韩语","130分钟","7.7分 (共74389人参与评分)","","辰塔维·塔纳西维 / 能提妲·索彭 / 瓦拉塔雅·宁枯哈","泰国男生Dak（辰塔维·塔纳西维 Chantawit Thanasewee 饰）因拒绝与女友结婚而被抛弃。喝得烂醉后隔天独自踏上原先和女友预订的韩国旅程。宿醉语言又不通的Dak只能向，只能向一名泰国女生May求助（努娜能提妲莎彭 Noona Nuength ida Sophon 饰）。May有一位大男子主义，对她管得彻头彻尾的男友金哥，这一次是背着男友偷跑来韩国参加好友的婚礼。因为漏接金哥的电话导致两人大吵一顿最后分手。Dak一直留在她身边安慰，两人一起去酒吧，一起去参观韩剧的拍摄地点。虽然彼此都不知道对方的名字，但两人慢慢从冤家慢慢聊成知己，就在情愫渐生之时，Dak的女友突然出现。Dak是会选择重新回到女朋友的身边，还是这一对熟悉的陌生人最终会终成眷属。","https://4khdr.cn/thread-31106-1-1.html","https://4khdr.cn/data/attachment/forum/202503/17/010634v0kaiw552330glci.jpeg","","data/attachment/forum/202503/17/010634v0kaiw552330glci.jpeg",""
"Be Happy","2025","Dancing Dad","Remo D'Souza","Kanishka Singh Deo / Chirag Garg","剧情","印度","印地语","","分 (共0人参与评分)","","Inayat Verma / 阿布舍克·巴强 / Nora Fatehi","Story of a father and his 13 year old daughter.","https://4khdr.cn/thread-31121-1-1.html","https://4khdr.cn/data/attachment/forum/202503/17/160409np7bbpycwcpjc0bb.jpeg","","data/attachment/forum/202503/17/160409np7bbpycwcpjc0bb.jpeg",""
"自由 Libre","2024","Freedom / Sulak","梅拉尼·罗兰","Christophe Deslandes / 梅拉尼·罗兰","剧情 / 动作 / 爱情 / 惊悚 / 传记 / 犯罪","法国","法语","110分钟","5.9分 (共176人参与评分)","","卢卡斯·布哈沃 / 蕾雅·路思·布萨托 / 伊万·阿达勒 / 拉蒂沃杰·布克维奇 / 史蒂夫·蒂英楚 / 大卫·穆尔贾 / 苏莱曼·达兹 / 莱奥·夏利 / 让·菲利普·里奇 / Alexandros Giannou / Serpentine Teyssier / Axelle Simon / Pascale Oudot / 大卫·阿亚拉 / 西蒙·罗伊尔 / Gaël Kamilindi / Fanny Ami / Mexianu Medenou / Alain Chalumeau / Constance Chaperon","自打出演了《无耻混蛋》，法国女星梅拉尼·劳伦已经拍摄了六部剧情长片，大都是标准的法式剧情片。然而她一直有一个执掌动作大片的愿望。","https://4khdr.cn/thread-31142-1-1.html","https://4khdr.cn/data/attachment/forum/202503/17/222303c6wzxejnnwiknnta.jpeg","","data/attachment/forum/202503/17/222303c6wzxejnnwiknnta.jpeg",""
"功夫小蝇 Eega","2012","终极唬神：爱的大复仇(台) / 蝇侠传说 / 苍蝇侠","S·S·拉贾穆里 / J.V.V. Sathyanarayana","Crazy Mohan / S·S·拉贾穆里 / Janardhan Maharshi / Vijayendra Prasad / S.S. Kanchi","喜剧 / 动作 / 奇幻","印度 / 美国","泰卢固语 / 泰米尔语 / 印地语 / 坎纳达语 / 马拉雅拉姆语","134分钟","7.5分 (共44081人参与评分)","","纳尼 / 萨曼莎·鲁斯·帕布 / 苏迪普 / Santhanam / Srinivasa Reddy","该片在印度国内以3D形式上映。","https://4khdr.cn/thread-31122-1-1.html","https://4khdr.cn/data/attachment/forum/202503/17/160722c77wyiiffw52jtwi.jpeg","","data/attachment/forum/202503/17/160722c77wyiiffw52jtwi.jpeg",""
"1883","2021","黄石：1883 / 《黄石》前传剧 / 黄石1883 / Y: 1883","泰勒·谢里丹 / 克里斯蒂娜·沃罗斯 / 本·理查森","泰勒·谢里丹","剧情 / 西部","美国","英语","60分钟","9.0分 (共23920人参与评分)","","伊莎贝尔·梅 / 蒂姆·麦格罗 / 山姆·埃利奥特 / 菲丝·希尔 / 道恩·奥利弗瑞 / 埃里克·尼尔森 / 拉莫尼卡·加勒特 / 马克·里斯曼 / 亚历克斯·芬恩 / 格拉蒂埃拉·布朗库西 / 安娜·菲莫拉 / 阿曼达·亚罗斯 / 詹姆斯·兰德里·赫伯特 / 乔丹·沃克·罗斯 / 诺厄·勒·赫罗斯 / 詹姆斯·乔丹","故事聚焦Dutton一家在多年前西进的旅程，他们穿越大平原前往美国最后一站蛮荒之地，在应许之地蒙大拿寻求更美好的未来。艾里奥特饰演强硬的牛仔Shea Brennan，有着非常悲伤的过去，他承担着带领一群人从德克萨斯前往蒙大拿的艰巨任务，绝不容忍蠢人。麦格罗和希尔饰演Dutton家族的男女家长James和Margaret。","https://4khdr.cn/thread-31133-1-1.html","https://4khdr.cn/data/attachment/forum/202503/17/192838r1kyvyfkyhyrfak1.jpeg","","data/attachment/forum/202503/17/192838r1kyvyfkyhyrfak1.jpeg",""
"阿尔法：狼伴归途 Alpha","2018","驯狼纪(港) / 极地之王(台) / 阿尔法 / The Solutrean","艾尔伯特·休斯","达恩·威登霍普 / 艾尔伯特·休斯","剧情 / 冒险","美国 / 加拿大 / 中国大陆","英语","96分钟","6.4分 (共44730人参与评分)","","柯蒂·斯密特-麦菲 / 恰克 / 约翰内斯·豪克尔·约翰内森 / 娜塔莎·迈尔兹 / 蕾奥娜·维埃拉 / 延斯·赫尔腾 / 梅赛德斯·德拉泽尔达 / 普里亚·拉贾拉特南 / 斯潘塞·博加特 / 帕特里克·弗拉纳根 / 迈克尔·克鲁斯-代赫勒 / 马辛·科瓦奇克","故事开始于两万年前的欧洲北部，彼时正直冰川时期，科达（科迪·斯密特-麦菲Kodi Smit-McPhee 饰）是部落首领的儿子，在一次集体狩猎行动中，他不幸跌落了悬崖，音信全无。所有人都以为科达已经死了，但不幸中的万幸是，洪水卷走了他，使得他保住了一命，然而，水流将科达送往了离部落非常遥远的漫漫荒野之中，在异常恶劣的天气和极度匮乏的资源的威胁下，科达踏上了归家之旅。","https://4khdr.cn/thread-31134-1-1.html","https://4khdr.cn/data/attachment/forum/202503/17/193415ht6ql8l18hqh88qh.jpeg","","data/attachment/forum/202503/17/193415ht6ql8l18hqh88qh.jpeg",""
"落凡尘","2024","Fall Into The Mortal World / Into The Mortal World","钟鼎","康夫","剧情 / 动画 / 奇幻","中国大陆","汉语普通话","118分钟","7.8分 (共49336人参与评分)","","李昕 / 刘校妤 / 星潮 / 刘琮 / 孙路路 / 关帅 / 付博文","贪恋凡尘又如何？感情是凡人的法术，神仙也在劫难逃。","https://4khdr.cn/thread-31123-1-1.html","https://4khdr.cn/data/attachment/forum/202503/17/161152c5pe5ayga3iyrayy.jpeg","","data/attachment/forum/202503/17/161152c5pe5ayga3iyrayy.jpeg",""
"将军的女儿 The General's Daughter","1999","铁案风暴 / 西点揭秘","西蒙·韦斯特","内尔森·德米勒 / 威廉·戈德曼","剧情 / 悬疑 / 惊悚 / 犯罪","美国 / 德国","英语","116 分钟","7.3分 (共12752人参与评分)","","约翰·特拉沃尔塔 / 玛德琳·斯托 / 詹姆斯·克伦威尔 / 蒂莫西·赫顿 / 莱斯利·史蒂芬森 / 丹尼尔·冯·巴根 / 克兰伦斯·威廉姆斯三世 / 詹姆斯·伍兹 / 小马克·布恩 / 约翰·比斯利 / 博伊德·肯斯特纳 / 布拉德·比耶尔 / 约翰·本杰明·海基 / 里克·岱尔 / Ariyan A. Johnson / 约翰·弗兰克海默 / Katrina vanden Heuvel / 斯科特·罗森伯格 / 贾里德·钱德勒 / Michael Swiney / 巴勃罗·埃斯皮诺萨 / Michael Gerald / 库珀·哈克卡比 / Kelly Casey / Kyle Casey / Timothy 'TJ' James Driscoll / Brent Miller / Ty Williams","“军队罪行调查部”的高级官员布伦纳（约翰·特拉沃夫塔 John Travolta 饰）和其助手森希尔（马德琳·斯托 Madeleine Stowe 饰）奉命36小时内调查清楚一起神秘的谋杀案，副总统的有力竞争者坎贝尔将军（詹姆斯·克伦威尔 James Cromwell 饰 ）的女儿伊丽莎白（莱斯利·斯蒂芬森 Leslie Stefanson 饰）在军事基地内被残忍杀害。随着调查深入，布伦纳发现曾就读于西点军校的伊丽莎白除了成绩优异、长相出众外在高中时还发生过一起不为人知的事情，与父亲的关系并不融洽，而坎贝尔将军也不像他所塑造的形象一样刚正不阿。在揭开事情真相的同时布伦纳也发现了许多军队中的秘密。最终，杀人凶手被惩治以法，事件得以平息。","https://4khdr.cn/thread-31141-1-1.html","https://4khdr.cn/data/attachment/forum/202503/17/222020fmxadczpqd5axvav.jpeg","","data/attachment/forum/202503/17/222020fmxadczpqd5axvav.jpeg",""
"特工狂花 The Long Kiss Goodnight","1996","失忆女特工","雷尼·哈林","沙恩·布莱克","剧情 / 动作 / 犯罪","美国","英语","120分钟","7.1分 (共5636人参与评分)","","吉娜·戴维斯 / 塞缪尔·杰克逊 / 伊芳·齐玛 / 克雷格·比尔克 / 汤姆·阿曼德茨 / 布莱恩·考克斯 / 帕特里克·麦拉海德 / 大卫·摩斯 / 梅琳娜·卡纳卡罗兹 / 瑞克斯·林恩 / 艾伦·诺斯 / 艾德文·霍德吉 / 弗兰克·穆尔 / G•D•斯普拉德林 / 莎珑·华盛顿 / 朱达·卡茨 / Marc Cohen / 查德·多纳拉 / 肖恩·多伊尔 / 查尔斯·A·坦伯罗 / 拉里·金 / 杰瑞·巴曼 / Erin Gooderham","女教师萨曼莎（吉娜·戴维斯 Geena Davis 饰）和8岁的女儿一起在宁静的小镇里过着安逸的生活，一切都令她感到十分满意，除了她曾经失去过部分记忆这一点。在一次车祸中，她失去的记忆开始复苏，而脑中出现的一些零碎片段让她对自己曾经的身份产生了怀疑。","https://4khdr.cn/thread-31143-1-1.html","https://4khdr.cn/data/attachment/forum/202503/17/223946xyjx78gpzbpy17o8.jpeg","","data/attachment/forum/202503/17/223946xyjx78gpzbpy17o8.jpeg",""
"战鼓轻悄 Bang the Drum Slowly","1973","鼓声慢慢 / 慢慢打鼓","约翰·D·汉考克","马克·哈里斯","剧情 / 运动","美国","英语 / 西班牙语","96 分钟","7.0分 (共273人参与评分)","","罗伯特·德尼罗 / 迈克尔·莫里亚蒂 / 文森特·加迪尼亚 / 菲尔·福斯特 / 安·韦奇沃斯 / 帕特里克·麦克维 / 希瑟·麦克雷 / 塞尔玛·戴蒙德 / 芭芭拉·巴布科克 / 莫里斯·罗森菲尔德 / 汤姆·利根 / 汤姆·西尼奥雷利","故事发生在纽约，一个专业棒球队里两个球员的故事。Henry是明星投手，Bruce Pearson是普通投手，Bruce和其他球员十分友好，但与Henry投手却十分隔漠，这甚至开始影响球队的命运……","https://4khdr.cn/thread-31161-1-1.html","https://4khdr.cn/data/attachment/forum/202503/18/000449a31chhww5cdwr5nm.jpeg","","data/attachment/forum/202503/18/000449a31chhww5cdwr5nm.jpeg",""
"夜行客 Night Moves","1975","夜间行动 / 夜探毒龙潭","阿瑟·佩恩","艾伦·夏普","悬疑 / 惊悚 / 犯罪","美国","英语","100分钟","6.9分 (共231人参与评分)","","吉恩·哈克曼 / 珍妮弗·沃伦 / 爱德华·宾斯","Harry Moseby (Gene Hackman), a worn-out private detective, is hired to look for a 16-year-old girl who has run away from the luxury home of her mother, formerly a small-time actress in Los Angeles. The more the weary cynic tries to get under the surface of the seemingly simple case, the harder it is for him to find his bearings among the lies and deceptions that surround him. Eight years after the key New Hollywood film Bonnie and Clyde, Arthur Penn and Gene Hackman reunited to collaborate on what was to become one of the most undervalued films of the decade. Like Polanski in Chinatown or Altman in The Long Goodbye, in his revisionist film noir, Penn also allows the 1940s classic genre to pervade the complex reality of the 1970s. The feelings of bitterness and emptiness in the modern Chandleresque protagonist originate not only in the “public” sphere of the strange, increasingly convoluted case, but in his private life as well (boyhood trauma, a broken marriage). As Moseby remarks of a sporting event, “nobody’s winning … one side is just losing slower than the other.”","https://4khdr.cn/thread-31194-1-1.html","https://4khdr.cn/data/attachment/forum/202503/18/151436zzc6z8jyzujyza4b.jpeg","","data/attachment/forum/202503/18/151436zzc6z8jyzujyza4b.jpeg",""
"别动酷刑 Non si sevizia un paperino","1972","Don't Torture a Duckling","卢西奥·弗尔兹","Gianfranco Clerici / 卢西奥·弗尔兹 / Roberto Gianviti","悬疑 / 惊悚 / 恐怖","意大利","意大利语","102 分钟","7.1分 (共463人参与评分)","","Florinda Bolkan / Barbara Bouchet / Marc Porel","本片标志着导演卢西奥·弗尔兹（Lucio Fulci）代表作的出现。几名男孩在意大利南部一个乡下小镇被杀害，发疯的吉普赛女人和变态的年轻女子都很可疑，嫌疑犯日益增多直至整个小镇面临着自我毁灭，这一切正是误人的宗教与迷信所致。片中骇人的暴力场景在于，当村里几名男村民要吉普赛女人为他们的孩子负责，决定亲手将她绳之以法的时候，场面可想而知的残忍。","https://4khdr.cn/thread-31195-1-1.html","https://4khdr.cn/data/attachment/forum/202503/18/151940zaqq8s5a2252gs22.jpeg","","data/attachment/forum/202503/18/151940zaqq8s5a2252gs22.jpeg",""
"武状元苏乞儿 武狀元蘇乞兒","1992","King of Beggars","陈嘉上","陈建忠 / 陈嘉上","喜剧 / 动作 / 武侠 / 古装","中国香港","粤语","96分钟(台湾) / 101分钟(香港) / 93分钟(英国)","8.2分 (共426122人参与评分)","","周星驰 / 张敏 / 吴孟达 / 徐少强 / 林威 / 陈百祥 / 郑丹瑞 / 苑琼丹 / 陈慧仪","广州提督之子苏灿（周星驰 饰）在考取武状元时，被人设计陷害沦为乞丐。因为丐帮四大长老杀了自己的教主，入主朝廷的天理教太乙真人四处迫害丐帮，加上丐帮帮主阵亡令打狗棒法失传，丐帮一时四分五裂群龙无首。在心仪苏灿的如霜（张敏 饰）的暗中帮助下，传功长老选中苏灿为丐帮接班人，传以打狗律 法要诀。苏灿学艺成功后，成为新任帮主，开始团结各地丐帮会员自强，共同奋力对抗天理教。太乙真人（徐少强饰）欲拥兵自立，预谋在皇帝狩猎之时下手行刺，不料消息走露传到苏灿耳中。","https://4khdr.cn/thread-31198-1-1.html","https://4khdr.cn/data/attachment/forum/202503/18/163210ucne6fyzbfpyf31y.jpeg","","data/attachment/forum/202503/18/163210ucne6fyzbfpyf31y.jpeg",""
